{
    "dismissed": [],
    "installed": {
        "OctoPrintPlugin": {
            "filename": "C:\\Users\\sobja004\\AppData\\Local\\cura\\4.7\\cache\\cura_packages\\OctoPrintPlugin.curapackage",
            "package_info": {
                "author": {
                    "author_id": "fieldofview",
                    "display_name": "fieldOfView",
                    "email": "aldo@fieldofview.com",
                    "website": "http://fieldofview.com"
                },
                "description": "Enables networked printing and monitoring with OctoPrint.\n\nOctoPrint is a registered trademark. For more information about OctoPrint, see octoprint.org\n\nThe development of this plugin can be sponsored via Github Sponsors (https://github.com/sponsors/fieldofview) or Paypal (https://www.paypal.me/fieldofview)",
                "display_name": "OctoPrint Connection",
                "is_active": true,
                "is_bundled": false,
                "is_installed": true,
                "package_id": "OctoPrintPlugin",
                "package_type": "plugin",
                "package_version": "3.7.3",
                "sdk_version": 7,
                "sdk_version_semver": "7.0.0",
                "website": "https://github.com/fieldOfView/Cura-OctoPrintPlugin"
            }
        }
    },
    "to_install": {},
    "to_remove": [],
    "version": 1
}